symbol,action,entry_price,entry_price_range,take_profits,stop_loss,timestamp,channel_name,raw_message,status
XAUUSD,BUY,4110.3,,"[100.0, 4201.0, 4214.0, 4218.0, 4222.0, 4226.0, 4230.0]",4201.0,2025-10-15T17:15:33.094589,Xauusd Gold_Vip,"XAUUSD BUY NOW @ 4110.30

       Tp1: 4214.00
       Tp2: 4218.00
       Tp3: 4222.00
       Tp4: 4226.00
       Tp5: 4230.00
       Tp6: 4234.00 100% Sure Signal 
 
   ❌ SL. TP ::: 4201.00",pending
XAUUSD,BUY,1.0,,"[1.0, 40.0]",40.0,2025-10-15T17:33:50.845986,Xauusd Gold_Vip,"(#XAUUSD_BUY🔼🔼

🔼🔼TP1 HIT🔼🔼

40 PIP'S PROFITS DONE 🔥🔥",pending
XAUUSD,BUY,2.0,,"[2.0, 80.0]",80.0,2025-10-15T17:34:21.523059,Xauusd Gold_Vip,"(#XAUUSD_BUY🔼🔼

🔼🔼TP2 HIT🔼🔼

80 PIP'S PROFITS DONE 🔥🔥",pending
XAUUSD,BUY,3.0,,"[3.0, 120.0]",120.0,2025-10-15T17:39:16.340899,Xauusd Gold_Vip,"(#XAUUSD_BUY🔼🔼

🔼🔼TP3 HIT🔼🔼

120 PIP'S PROFITS DONE 🔥🔥",pending
XAUUSD,BUY,4.0,,"[4.0, 160.0]",160.0,2025-10-15T17:40:00.505680,Xauusd Gold_Vip,"(#XAUUSD_BUY🔼🔼

🔼🔼TP4 HIT🔼🔼

160 PIP'S PROFITS DONE 🔥🔥",pending
XAUUSD,BUY,4217.0,,[],,2025-10-15T18:08:38.596323,Forex Sure Trading,GOLD BUY NOW 4217,pending
XAUUSD,BUY,4217.0,,[4237.0],4209.0,2025-10-15T18:11:29.387570,Forex Sure Trading,"XAUUSD  BUY   NOW 4217
                                 
🌟 TAKE PROFIT 4237
    
☄️ STOP LOSE       4209

⚠️ USE LOTS ACCORDING TO 
YOUR ACCOUNT EQUITY BALANCE",pending
XAUUSD,BUY,4218.0,,"[4222.0, 4226.0, 4230.0, 4233.0]",4205.0,2025-10-15T18:23:22.219246,AMAZING ATRADER,"GOLD XAUUSD Buy 4218/4215


TP 4222
TP 4226
TP 4230
TP 4233

SL. 4205",pending
XAUUSD,SELL,4224.0,,"[4205.0, 4211.0, 4216.0, 4220.0]",4239.0,2025-10-15T18:27:05.534202,VIP GOLD SIGNALS️,"XAUUSD SELL 4224

TP 4220
TP 4216
TP 4211
TP 4205
SL 4239",pending
XAUUSD,SELL,4227.0,,"[4211.0, 4215.0, 4219.0, 4223.0]",4240.0,2025-10-15T18:30:18.640687,𝙂𝙤𝙡𝙙 𝙋𝙧𝙤 𝙎𝙞𝙜𝙣𝙖𝙡,"XAUUSD Sell  4227/29

TP.   4223
TP.   4219
TP.   4215
TP.   4211

SL.  4240

Use small Lots is Life Of Capital",pending
BTCUSD,SELL,110700.0,,"[111000.0, 111300.0, 111600.0]",119500.0,2025-10-15T18:33:29.542728,AMAZING ATRADER,"BTCUSD Sell Now 110700


TP 111000
TP 111300
TP 111600

SL 119500",pending
XAUUSD,SELL,4223.0,,"[4204.0, 4207.0, 4210.0, 4213.0, 4216.0, 4219.0]",4235.0,2025-10-15T18:35:31.579766,Trade with Pat 🆓 (FRN),"#XAUUSD   SELL  4223✅

Sl      4235


TP     4219✅
TP     4216✅
TP     4213✅
TP     4210✅
TP     4207✅
TP     4204✅",pending
BTCUSD,BUY,109100.0,,"[109200.0, 109200.0, 109300.0, 109400.0]",109000.0,2025-10-15T18:55:26.280466,FOREX VIP GOLD SIGNALS,"BTCUSD 
BUY 109100
TP ..109200
TP ..109200
TP...109300
TP...109400
SL...109000",pending
XAUUSD,BUY,4226.0,,"[4228.0, 4230.0, 4232.0, 4234.0, 4236.0, 4238.0, 4240.0]",4212.0,2025-10-15T18:55:41.755408,🚀𝐅𝐗 𝐆𝐑𝐄𝐄𝐍 𝐏𝐈𝐏𝐒🚀,"✅XAUUSD BUY 4226

✔️TP1    4228
✔️TP2    4230
✔️TP3    4232
✔️TP4    4234
✔️TP5    4236
✔️TP6    4238
✔️TP7    4240

❌Sl  4212",pending
XAUUSD,BUY,5.0,,"[5.0, 200.0]",200.0,2025-10-15T18:56:28.473867,Xauusd Gold_Vip,"(#XAUUSD_BUY🔼🔼

🔼🔼TP5 HIT🔼🔼

200 PIP'S PROFITS DONE 🔥🔥",pending
BTCUSD,BUY,111300.0,,"[111400.0, 111500.0, 111600.0, 111700.0, 111800.0, 111900.0, 120000.0]",110700.0,2025-10-15T18:57:58.573426,🚀𝐅𝐗 𝐆𝐑𝐄𝐄𝐍 𝐏𝐈𝐏𝐒🚀,"✅BTCUSD BUY 111300

✔️TP1    111400
✔️TP2    111500
✔️TP3    111600
✔️TP4    111700
✔️TP5    111800
✔️TP6    111900
✔️TP7    120000

❌Sl  110700",pending
XAUUSD,SELL,4233.0,,"[4210.0, 4220.0, 4229.0]",4244.0,2025-10-15T19:05:23.224353,𝙂𝙊𝙇𝘿 𝙎𝘾𝘼𝙇𝙋𝙄𝙉𝙂 𝙏𝙍𝘼𝘿𝙀𝙍,"🔵XAUUSD_GOLD SELL 4233


🔳TP : 4229.00
🔳TP : 4220.00
🔳TP : 4210.00

❌SL : 4244.000",pending
XAUUSD,SELL,4233.0,,"[4220.0, 4225.0, 4229.0]",4241.0,2025-10-15T19:08:44.222634,𝑮𝑶𝑳𝑫 𝑺𝑵𝑰𝑷𝑬𝑹𝑺,"✅#XAUUSD SELL 4233/4236

✅TP 4229
✅TP 4225
✅TP 4220

❌SL 4241",pending
XAUUSD,BUY,40.0,,[40.0],,2025-10-15T19:13:34.718048,AMAZING ATRADER,"Gold XAUUSD Buy 

Target ¹ Achieved bye 40+ Pips✔️💸",pending
XAUUSD,BUY,80.0,,[80.0],,2025-10-15T19:14:14.059102,AMAZING ATRADER,"Gold XAUUSD Buy 

Target ² Achieved bye 80+ Pips✔️💸",pending
XAUUSD,BUY,120.0,,[120.0],,2025-10-15T19:14:34.321178,AMAZING ATRADER,"Gold XAUUSD Buy 

Target ³ Achieved bye 120+ Pips✔️💸",pending
XAUUSD,BUY,150.0,,[150.0],,2025-10-15T19:15:01.866737,AMAZING ATRADER,"Gold XAUUSD Buy 

Target ⁴ Achieved bye 150+ Pips✔️💸",pending
GBPUSD,BUY,1.342,,"[1.344, 1.347, 1.349]",1.338,2025-10-15T19:15:35.141347,XAUUSD PRO TRADER™,"GBPUSD BUY 1.34200

TP 1.34400
TP 1.34700
TP 1.34900
SL 1.33800",pending
USDJPY,BUY,150.5,,"[150.7, 151.0, 151.2]",150.1,2025-10-15T19:15:38.985646,XAUUSD PRO TRADER™,"USDJPY BUY 150.500

TP 150.700
TP 151.000
TP 151.200
SL 150.100",pending
EURJPY,SELL,175.0,,"[175.1, 175.4, 175.7]",176.4,2025-10-15T19:15:45.551725,XAUUSD PRO TRADER™,"EURJPY SELL 175 900

TP 175.700
TP 175.400
TP 175.100
SL 176.400",pending
GBPJPY,SELL,202.4,,"[201.8, 202.0, 202.2]",202.8,2025-10-15T19:15:53.431907,XAUUSD PRO TRADER™,"GBPJPY SELL 202.400

TP 202.200
TP 202.000
TP 201.800
SL 202.800",pending
GBPAUD,SELL,2.068,,"[2.061, 2.063, 2.066]",2.073,2025-10-15T19:16:02.250458,XAUUSD PRO TRADER™,"GBPAUD SELL 2.06800

TP 2.06600
TP 2.06300
TP 2.06100
SL 2.07300",pending
XAUUSD,BUY,150.0,,[150.0],,2025-10-15T19:16:12.197893,AMAZING ATRADER,"Gold XAUUSD Buy

Target All Achieved bye 150+ Pips✔️💸",pending
XAUUSD,BUY,4233.0,,"[4236.0, 4238.0, 4241.0, 4244.0, 4247.0, 4250.0]",4220.0,2025-10-15T19:16:56.269390,𝗡𝗔𝗦𝗗𝗔𝗤 𝗠𝗔𝗦𝗧𝗘𝗥,"😑GOLD BUY 4233/4229

TP 4236
TP 4238
TP 4241
TP 4244
TP 4247
TP 4250

SL 4220",pending
XAUUSD,BUY,,"[4228.0, 4232.0]","[4234.0, 4236.0, 4238.0, 4240.0, 4242.0, 4244.0, 4246.0, 4248.0]",4222.0,2025-10-15T19:17:08.067233,𝐓𝐑𝐀𝐃𝐄 𝐖𝐈𝐓𝐇 𝐒𝐔𝐑𝐄𝐒𝐇,"⭐️GOLD BUY NOW 4232/4228

📈TP 4234
📈TP 4236
📈TP 4238
📈TP 4240
📈TP 4242
📈TP 4244
📈TP 4246
📈TP 4248🎯

❌SL 4222",pending
XAUUSD,SELL,4234.0,,"[4218.0, 4222.0, 4226.0, 4230.0]",4245.0,2025-10-15T19:18:07.470608,𝙂𝙊𝙇𝘿 𝙀𝙓𝙋𝙀𝙍𝙏 𝙎𝘾𝘼𝙇𝙋𝙀𝙍,"XAUUSD SELL 4234

TP 4230
TP 4226
TP 4222
TP 4218

SL 4245",pending
XAUUSD,BUY,4232.0,,"[4236.0, 4239.0, 4242.0, 4245.0, 4248.0]",4220.0,2025-10-15T19:19:52.066329,𝙒𝙊𝙍𝙇𝘿 𝙁𝙊𝙍𝙀𝙓 𝙎𝙄𝙉𝙂𝘼𝙇𝙎,"XAUUSD_GOLD BUY  4232

TP : 4236
TP : 4239
TP : 4242
TP : 4245
TP : 4248

SL : 4220",pending
XAUUSD,BUY,4230.0,,"[4234.0, 4238.0, 4242.0, 4246.0, 4250.0, 4254.0, 4258.0]",4215.0,2025-10-15T19:20:12.401873,TRADING WITH AHMED,"XAUUSD BUY 4230
MORE BUY  4226

TP  4234
TP  4238
TP  4242
TP  4246
TP  4250
TP  4254
TP  4258

SL  4215",pending
BTCUSD,BUY,111200.0,,"[111500.0, 111800.0, 112100.0, 112400.0]",110400.0,2025-10-15T19:21:51.101306,𝙂𝙊𝙇𝘿 𝙀𝙓𝙋𝙀𝙍𝙏 𝙎𝘾𝘼𝙇𝙋𝙀𝙍,"BTCUSD BUY 111200

TP¹ 111500
TP² 111800
TP³ 112100
TP⁴ 112400

SL  110400",pending
XAUUSD,SELL,4230.0,,"[4218.0, 4221.0, 4224.0, 4227.0]",4256.0,2025-10-15T19:38:37.368843,XAUUSD GOLD MASTER,"XAUUSD SELL 4230_4232

TP¹.  4227
TP².  4224
TP³.  4221
TP⁴.  4218

SL.   4256

Use Money Management",pending
XAUUSD,BUY,6.0,,"[6.0, 250.0]",250.0,2025-10-15T19:50:18.371505,Xauusd Gold_Vip,"(#XAUUSD_BUY🔼🔼

🔼🔼TP6 HIT🔼🔼

250 PIP'S PROFITS DONE 🔥🔥",pending
XAUUSD,BUY,40.0,,[40.0],,2025-10-15T20:00:10.351199,𝙒𝙊𝙍𝙇𝘿 𝙁𝙊𝙍𝙀𝙓 𝙎𝙄𝙉𝙂𝘼𝙇𝙎,"#XAUUSD BUY
TP¹ HIT40+PIPS PROFIT DONE BOOM",pending
XAUUSD,BUY,70.0,,[70.0],,2025-10-15T20:00:37.137489,𝙒𝙊𝙍𝙇𝘿 𝙁𝙊𝙍𝙀𝙓 𝙎𝙄𝙉𝙂𝘼𝙇𝙎,"#XAUUSD BUY
TP² HIT70+PIPS PROFIT DONE BOOM",pending
XAUUSD,SELL,4240.0,,"[4228.0, 4231.0, 4234.0, 4237.0]",4260.0,2025-10-15T20:03:44.657884,XAUUSD GOLD MASTER,"#XAUUSD sell 4240/4245

TP¹: 4237
TP²: 4234
TP³: 4231
TP⁴  4228



SL: 4260
👌👌👍",pending
XAUUSD,SELL,4242.4245,,[],,2025-10-15T20:12:50.598884,VIP GOLD SIGNALS️,XAUUSD SELL 4242.4245,pending
XAUUSD,SELL,4242.4245,,"[4210.0, 4223.0, 4227.0, 4230.0, 4233.0, 4237.0]",4254.0,2025-10-15T20:13:38.150256,VIP GOLD SIGNALS️,"XAUUSD SELL 4242.4245
SL 4254
TP 4237
TP 4233
TP 4230
TP 4227
TP 4223
TP 4210",pending
BTCUSD,BUY,300.0,,[300.0],,2025-10-15T20:23:05.226665,AMAZING ATRADER,"Btcusd Buy

Target ¹ Achieved bye 300+ Pips✔️💸",pending
BTCUSD,BUY,800.0,,[800.0],,2025-10-15T20:23:40.430296,AMAZING ATRADER,"Btcusd Buy

Target ³ Achieved bye 800+ Pips✔️💸",pending
BTCUSD,BUY,800.0,,[800.0],,2025-10-15T20:24:37.738120,AMAZING ATRADER,"Btcusd Buy

Target All Achieved bye 800+ Pips✔️💸",pending
XAUUSD,SELL,1.0,,[50.0],50.0,2025-10-15T20:25:17.155740,VIP GOLD SIGNALS️,"#XAUUSD SELL 
TP1 HlT 50+ PIP'S PROFIT DONE ✔️💥",pending
XAUUSD,SELL,2.0,,[80.0],80.0,2025-10-15T20:25:38.374637,VIP GOLD SIGNALS️,"#XAUUSD SELL 
TP2 HlT 80+ PIP'S PROFIT DONE ✔️💥",pending
XAUUSD,BUY,4235.0,,"[4238.0, 4241.0, 4244.0, 4247.0]",4226.0,2025-10-15T20:29:17.271925,GOLD VIP MASTER,"XAUUSD Buy 4235

TP 4238
TP 4241
TP 4244
TP 4247

SL 4226",pending
XAUUSD,SELL,4238.0,,"[4226.0, 4229.0, 4232.0, 4235.0]",4251.0,2025-10-15T20:29:41.743527,TRADE WITH HASAAN,"#XAUUSD #GOLD SELL 4238-4241

TP 4235
TP 4232
TP 4229
TP 4226

SL 4251


Follow Proper Money Management! ✔️",pending
BTCUSD,BUY,111600.0,,"[111900.0, 112200.0, 112500.0]",111000.0,2025-10-15T20:30:45.396053,GOLD VIP MASTER,"BTCUSD Buy 111600


TP 111900
TP 112200
TP 112500


SL 111000",pending
BTCUSD,BUY,111400.0,,"[111700.0, 112000.0, 112300.0]",109900.0,2025-10-15T20:31:55.818570,GOLD VIP MASTER,"BTCUSD Buy 111400


TP 111700
TP 112000
TP 112300


SL 109900",pending
BTCUSD,BUY,111400.0,,"[111700.0, 112000.0, 112300.0]",1109900.0,2025-10-15T20:32:29.499059,GOLD VIP MASTER,"BTCUSD Buy 111400


TP 111700
TP 112000
TP 112300


SL 1109900",pending
XAUUSD,SELL,4236.0,,"[4225.0, 4227.0, 4229.0, 4231.0, 4233.0]",4246.0,2025-10-15T20:32:58.705331,XAUUSD VIP SIGNALS,"XAUUSD SELL 4236_4239
TP 4233
TP 4231
TP 4229
TP 4227
TP 4225
SL 4246",pending
BTCUSD,BUY,111400.0,,"[111700.0, 112000.0, 112300.0]",110700.0,2025-10-15T20:33:24.572154,GOLD VIP MASTER,"BTCUSD Buy 111400


TP 111700
TP 112000
TP 112300


SL 110700",pending
GBPJPY,BUY,202.0,,"[400.0, 600.0, 800.0]",700.0,2025-10-15T20:34:33.213083,GOLD VIP MASTER,"GBPJPY Buy 202:100


TP 202:400
TP 202:600
TP 202:800


SL 201:700",pending
XAUUSD,SELL,3.0,,[120.0],120.0,2025-10-15T20:45:55.244908,VIP GOLD SIGNALS️,"#XAUUSD SELL 
TP3 HlT 120+ PIP'S PROFIT DONE ✔️💥",pending
XAUUSD,SELL,130.0,,[130.0],,2025-10-15T20:46:54.494388,VIP GOLD SIGNALS️,"#XAUUSD SELL 
Running 130+ PIP'S PROFIT DONE BOOM 😍❤️

Book same profit",pending
XAUUSD,BUY,1.0,,[30.0],30.0,2025-10-15T20:48:45.310271,Gold Hunter Trade,XAUUSD BUY TP 1 HiT with 30+ PiPS Enjoy Profits ✅✅🎉🎉😮😮🛡🛡,pending
XAUUSD,BUY,2.0,,[60.0],60.0,2025-10-15T20:49:03.144468,Gold Hunter Trade,XAUUSD BUY TP 2 HiT with 60+ PiPS Enjoy Profits ✅✅🎉🎉😮😮🛡🛡,pending
XAUUSD,BUY,3.0,,[90.0],90.0,2025-10-15T20:49:16.540379,Gold Hunter Trade,XAUUSD BUY TP 3 HiT with 90+ PiPS Enjoy Profits ✅✅🎉🎉😮😮🛡🛡,pending
XAUUSD,BUY,4.0,,[120.0],120.0,2025-10-15T20:49:35.267947,Gold Hunter Trade,XAUUSD BUY TP 4 HiT with 120+ PiPS Enjoy Profits ✅✅🎉🎉😮😮🛡🛡,pending
XAUUSD,BUY,4195.0,,[4225.0],4189.0,2025-10-15T20:51:34.883639,Gold Expert Fx,"GOLD BUY NOW 

ENTRY 4195 


TARGET 4225🏆

SL 4189❌",pending
XAUUSD,BUY,4229.0,,"[4232.0, 4235.0, 4238.0, 4241.0, 4244.0, 4247.0, 4250.0, 4253.0]",4215.0,2025-10-15T20:54:36.146508,XAUUSD PRO TRADER™,"#XAUUSD BUY 4229

TP¹    4232
TP²    4235
TP³    4238
TP⁴    4241
TP⁵    4244
TP⁶    4247
TP⁷    4250
TP⁸    4253

SL      4215",pending
XAUUSD,BUY,4230.0,,"[4233.0, 4236.0, 4239.0, 4242.0, 4245.0, 4250.0]",4218.0,2025-10-15T21:03:20.975515,Trade with Pat 🆓 (FRN),"#XAUUSD   BUY  4230✅

Sl      4218


TP     4233✅
TP     4236✅
TP     4239✅
TP     4242✅
TP     4245✅
TP     4250✅",pending
BTCUSD,SELL,106800.0,,"[105600.0, 105900.0, 106200.0, 106500.0]",107300.0,2025-10-15T21:05:57.920350,FOREX VIP GOLD SIGNALS,"BTCUSD Sell 106800

TP 1 106500
TP 2 106200
TP 3 105900
TP 4 105600

SL  107300",pending
XAUUSD,BUY,120.0,,[120.0],12.0,2025-10-15T21:16:19.992734,𝐍𝐀𝐒𝐃𝐀𝐐 𝐌𝐀𝐒𝐓𝐄𝐑 𝐅𝐗,"Master of Gold ™👑:
XAUUSD BUY

RUNNING IN 120+ PIPS PROFIT

Performance Is Real 
Why You Facing Loss i can Change Your Life Very Fast 
Big Client contact us for Big profit
is  24 hour available 

contect👉 @Raju_fx12",pending
XAUUSD,BUY,4.0,,[],2320.0,2025-10-15T21:24:33.759627,Fx & News Analysis,🚨GOLD H4 2320+ pip📉📈✅✅✅,pending
XAUUSD,BUY,1.0,,[30.0],30.0,2025-10-15T21:29:21.387074,𝗡𝗔𝗦𝗗𝗔𝗤 𝗠𝗔𝗦𝗧𝗘𝗥,"#GOLD BUY💥

TARGET 1 COMPLETE 30+ PIPS DONE 😑😑😑",pending
XAUUSD,BUY,2.0,,[60.0],60.0,2025-10-15T21:29:33.142634,𝗡𝗔𝗦𝗗𝗔𝗤 𝗠𝗔𝗦𝗧𝗘𝗥,"#GOLD BUY💥

TARGET 2 COMPLETE 60+ PIPS DONE 😑😑😑",pending
XAUUSD,BUY,4238.0,,"[4240.0, 4242.0, 4244.0, 4246.0, 4248.0, 4250.0]",4222.0,2025-10-15T21:32:07.982396,𝐓𝐇𝐄 𝐊𝐈𝐍𝐆 𝐎𝐅 𝐆𝐎𝐋𝐃 𝐕𝐈𝐏🔥,"😑GOLD BUY 4238_4235

TP 4240
TP 4242
TP 4244
TP 4246
TP 4248
TP 4250

SL 4222",pending
XAUUSD,BUY,1.0,,[30.0],30.0,2025-10-15T21:51:51.345292,XAUUSD PRO TRADER™,"XAUUSD BUY💥

TP 1 DONE 30+ PIPS SUCCESSFULLY 💯✌️✌️💪💪 🔥🔥",pending
XAUUSD,BUY,2.0,,[60.0],60.0,2025-10-15T21:52:10.255846,XAUUSD PRO TRADER™,"XAUUSD BUY💥

TP 2 DONE 60+ PIPS SUCCESSFULLY 💯✌️✌️💪💪 🔥🔥",pending
XAUUSD,BUY,3.0,,[100.0],100.0,2025-10-15T21:52:49.927020,XAUUSD PRO TRADER™,"XAUUSD BUY💥

TP 3 DONE 100+ PIPS SUCCESSFULLY 💯✌️✌️💪💪 🔥🔥",pending
XAUUSD,BUY,4.0,,[130.0],130.0,2025-10-15T21:53:17.059892,XAUUSD PRO TRADER™,"XAUUSD BUY💥

TP 4 DONE 130+ PIPS SUCCESSFULLY 💯✌️✌️💪💪 🔥🔥",pending
XAUUSD,SELL,4234.0,,"[4206.0, 4210.0, 4214.0, 4218.0, 4222.0, 4226.0, 4230.0]",4250.0,2025-10-15T22:00:43.504620,TRADING WITH AHMED,"XAUUSD SELL 4234
MORE SELL 4238

TP  4230
TP  4226
TP  4222
TP  4218
TP  4214
TP  4210
TP  4206

SL  4250",pending
XAUUSD,BUY,4230.0,,"[4235.0, 4240.0]",4220.0,2025-10-15T22:06:57.165879,Gold Expert Fx,"Xauusd Buy 4230

TP 4235
TP 4240

SL 4220",pending
XAUUSD,SELL,1.0,,[40.0],40.0,2025-10-15T22:16:19.189381,𝙂𝙊𝙇𝘿 𝙎𝘾𝘼𝙇𝙋𝙄𝙉𝙂 𝙏𝙍𝘼𝘿𝙀𝙍,"#XAUUSD SELL 


TP 1 𝐇𝐈𝐓 40+ PIPS  PROFIT DONE✅ ✅🔥🔥",pending
XAUUSD,SELL,4232.0,,"[4220.0, 4223.0, 4226.0, 4229.0]",4240.0,2025-10-15T22:17:14.824907,GOLD VIP MASTER,"XAUUSD Sell 4232

TP 4229
TP 4226
TP 4223
TP 4220

SL 4240",pending
XAUUSD,BUY,4227.0,,[],,2025-10-15T22:18:33.058412,𝙓𝘼𝙐𝙐𝙎𝘿 𝙈𝘼𝙎𝙏𝙀𝙍 𝙕𝙊𝙉𝙀,GOLD BUY 4227,pending
XAUUSD,SELL,4.0,,[150.0],150.0,2025-10-15T22:19:11.749359,VIP GOLD SIGNALS️,"#XAUUSD SELL 
TP4 HlT 150+ PIP'S PROFIT DONE ✔️💥",pending
XAUUSD,BUY,4223.0,,[],,2025-10-15T22:21:49.231817,𝐓𝐑𝐀𝐃𝐄 𝐖𝐈𝐓𝐇 𝐇𝐀𝐒𝐀𝐀𝐍,GOLD BUY NOW 4223,pending
XAUUSD,BUY,4222.0,,"[4224.0, 4226.0, 4228.0, 4230.0, 4232.0]",4212.0,2025-10-15T22:22:37.103564,𝙓𝘼𝙐𝙐𝙎𝘿 𝙈𝘼𝙎𝙏𝙀𝙍 𝙕𝙊𝙉𝙀,"GOLD BUY 4222
MORE BUY 4218

TP 4224
TP 4226
TP 4228
TP 4230
TP 4232

SL 4212",pending
XAUUSD,BUY,4223.0,,"[4226.0, 4229.0, 4232.0, 4235.0]",4213.0,2025-10-15T22:22:48.645867,𝐓𝐑𝐀𝐃𝐄 𝐖𝐈𝐓𝐇 𝐇𝐀𝐒𝐀𝐀𝐍,"#XAUUSD BUY NOW 4223
 

TP¹ 4226
TP² 4229
TP³ 4232
Tp⁴ 4235

SL 4213

Follow Proper Money Management!",pending
XAUUSD,SELL,5.0,,[200.0],200.0,2025-10-15T22:27:12.004655,VIP GOLD SIGNALS️,"#XAUUSD SELL 
TP5 HlT 200+ PIP'S PROFIT DONE ✔️💥",pending
XAUUSD,SELL,2.0,,[130.0],130.0,2025-10-15T22:31:11.440126,𝙂𝙊𝙇𝘿 𝙎𝘾𝘼𝙇𝙋𝙄𝙉𝙂 𝙏𝙍𝘼𝘿𝙀𝙍,"#XAUUSD SELL 


TP 2 𝐇𝐈𝐓 130+ PIPS  PROFIT DONE✅ ✅🔥🔥",pending
XAUUSD,BUY,4212.0,,"[4215.0, 4218.0, 4221.0, 4224.0, 4227.0, 4230.0]",4195.0,2025-10-15T22:32:52.503962,𝗫𝗔𝗨𝗨𝗦𝗗 𝗧𝗥𝗔𝗗𝗜𝗡𝗚 𝗭𝗢𝗡𝗘,"XAUUSD BUY 4212/ 4204
TP 4215
TP 4218
TP 4221
TP 4224
TP 4227
TP 4230
SL 4195",pending
XAUUSD,BUY,4210.0,,[],,2025-10-15T22:33:26.815087,𝐓𝐑𝐀𝐃𝐄 𝐖𝐈𝐓𝐇 𝐇𝐀𝐒𝐀𝐀𝐍,GOLD BUY NOW 4210,pending
XAUUSD,BUY,4212.0,,[],,2025-10-15T22:33:50.193182,𝙓𝘼𝙐𝙐𝙎𝘿 𝙈𝘼𝙎𝙏𝙀𝙍 𝙕𝙊𝙉𝙀,GOLD BUY 4212,pending
XAUUSD,SELL,1.0,,[1.0],,2025-10-15T22:34:18.118172,GOLD VIP MASTER,XAUUSD Sell TP 1 HIT,pending
XAUUSD,BUY,4210.0,,"[4213.0, 4216.0, 4219.0, 4222.0, 4225.0]",4197.0,2025-10-15T22:34:59.851701,|| 𝗝𝗼𝗮𝗻 𝗨𝗦𝗔 𝗙𝗢𝗥𝗘𝗫 𝗙𝘅 ||,"GOLD BUY 4210

🟢TP 4213
🟢TP 4216
🟢TP 4219
🟢TP 4222
🟢TP 4225
🚫SL 4197",pending
XAUUSD,BUY,4210.0,,"[4215.0, 4220.0, 4225.0, 4230.0, 4235.0]",4200.0,2025-10-15T22:35:11.874405,𝐓𝐑𝐀𝐃𝐄 𝐖𝐈𝐓𝐇 𝐇𝐀𝐒𝐀𝐀𝐍,"#XAUUSD BUY NOW 4210
 

TP¹ 4215
TP² 4220
TP³ 4225
Tp⁴ 4230
TP⁵ 4235
SL 4200

Follow Proper Money Management!",pending
XAUUSD,SELL,2.0,,[2.0],,2025-10-15T22:35:34.052877,GOLD VIP MASTER,XAUUSD Sell TP 2 HIT,pending
XAUUSD,SELL,3.0,,[3.0],,2025-10-15T22:36:17.187452,GOLD VIP MASTER,XAUUSD Sell TP 3 HIT,pending
XAUUSD,SELL,4.0,,[4.0],,2025-10-15T22:36:29.142932,GOLD VIP MASTER,XAUUSD Sell TP 4 HIT,pending
XAUUSD,SELL,6.0,,[270.0],270.0,2025-10-15T22:36:49.001174,VIP GOLD SIGNALS️,"#XAUUSD SELL 
TP6 HlT 270+ PIP'S PROFIT DONE ✔️💥",pending
XAUUSD,SELL,6.0,,[320.0],320.0,2025-10-15T22:37:10.706168,VIP GOLD SIGNALS️,"#XAUUSD SELL 
TP6 HlT 320+ PIP'S PROFIT DONE ✔️💥",pending
XAUUSD,BUY,4206.0,,"[4209.0, 4213.0, 4217.0, 4220.0, 4224.0, 4227.0]",4195.0,2025-10-15T22:37:32.636691,Trade with Pat 🆓 (FRN),"#XAUUSD   BUY  4206✅

Sl      4195


TP     4209✅
TP     4213✅
TP     4217✅
TP     4220✅
TP     4224✅
TP     4227✅",pending
XAUUSD,BUY,4205.0,,"[4208.0, 4211.0, 4214.0, 4217.0, 4220.0, 4223.0]",4195.0,2025-10-15T22:38:07.764376,|| 𝗝𝗼𝗮𝗻 𝗨𝗦𝗔 𝗚𝗢𝗟𝗗 𝗙𝘅 ||,"✅XAUUSD BUY 4205/4202

TP¹   4208
TP²   4211
TP³   4214
TP⁴   4217
TP⁵   4220
TP⁶   4223
SL   4195",pending
XAUUSD,BUY,4204.0,,"[4206.0, 4208.0, 4210.0, 4212.0, 4214.0, 4216.0]",4194.0,2025-10-15T22:38:27.898980,𝙓𝘼𝙐𝙐𝙎𝘿 𝙈𝘼𝙎𝙏𝙀𝙍 𝙕𝙊𝙉𝙀,"GOLD BUY 4204
MORE BUY 4200

TP 4206
TP 4208
TP 4210
TP 4212
TP 4214
TP 4216

SL 4194",pending
XAUUSD,BUY,4205.0,,"[4208.0, 4211.0, 4214.0, 4217.0, 4220.0, 4223.0]",4195.0,2025-10-15T22:38:49.055616,𝗫𝗔𝗨𝗨𝗦𝗗 𝗚𝗢𝗟𝗗 𝗠𝗔𝗦𝗧𝗘𝗥,"✅XAUUSD BUY 4205/4202

TP¹   4208
TP²   4211
TP³   4214
TP⁴   4217
TP⁵   4220
TP⁶   4223
SL   4195",pending
XAUUSD,SELL,4142.0,,[400.0],400.0,2025-10-15T22:39:35.461488,VIP GOLD SIGNALS️,"#XAUUSD SELL (4142)
All Target DONE 400+ PIP'S PROFIT DONE BOOM BOOM ✅💥👏👏😵‍💫😵‍💫",pending
XAUUSD,SELL,4215.0,,"[4203.0, 4206.0, 4209.0, 4212.0]",4223.0,2025-10-15T22:40:13.353356,GOLD VIP MASTER,"XAUUSD Sell 4215

TP 4212
TP 4209
TP 4206
TP 4203

SL 4223",pending
XAUUSD,BUY,4204.0,,"[4208.0, 4213.0, 4216.0, 4223.0, 4227.0]",4190.0,2025-10-15T22:40:26.944101,VIP GOLD SIGNALS️,"XAUUSD BUY 4204

TP 4208
TP 4213
TP 4216
TP 4223
TP 4227
SL 4190",pending
XAUUSD,SELL,3.0,,[230.0],230.0,2025-10-15T22:40:54.515886,𝙂𝙊𝙇𝘿 𝙎𝘾𝘼𝙇𝙋𝙄𝙉𝙂 𝙏𝙍𝘼𝘿𝙀𝙍,"#XAUUSD SELL 


TP 3 𝐇𝐈𝐓 230+ PIPS  PROFIT DONE✅ ✅🔥🔥",pending
XAUUSD,BUY,1.0,,[20.0],20.0,2025-10-15T22:41:47.989394,𝙓𝘼𝙐𝙐𝙎𝘿 𝙈𝘼𝙎𝙏𝙀𝙍 𝙕𝙊𝙉𝙀,"📊XAUUSD BUY 

TP1 HlT 20+ PlPS PROFlT DONE✔️✔️✔️",pending
XAUUSD,BUY,2.0,,[40.0],40.0,2025-10-15T22:42:04.613484,𝙓𝘼𝙐𝙐𝙎𝘿 𝙈𝘼𝙎𝙏𝙀𝙍 𝙕𝙊𝙉𝙀,"📊XAUUSD BUY 

TP2 HlT 40+ PlPS PROFlT DONE✔️✔️✔️",pending
XAUUSD,BUY,3.0,,[60.0],60.0,2025-10-15T22:42:27.642669,𝙓𝘼𝙐𝙐𝙎𝘿 𝙈𝘼𝙎𝙏𝙀𝙍 𝙕𝙊𝙉𝙀,"📊XAUUSD BUY 

TP3 HlT 60+ PlPS PROFlT DONE✔️✔️✔️",pending
XAUUSD,SELL,1.0,,[1.0],,2025-10-15T22:49:02.130332,GOLD VIP MASTER,XAUUSD Sell TP 1 HIT,pending
XAUUSD,SELL,2.0,,[2.0],,2025-10-15T22:49:15.379837,GOLD VIP MASTER,XAUUSD Sell TP 2 HIT,pending
XAUUSD,SELL,3.0,,[3.0],,2025-10-15T22:49:38.487881,GOLD VIP MASTER,XAUUSD Sell TP 3 HIT,pending
GBPJPY,BUY,1.0,,[1.0],,2025-10-15T22:52:11.808314,GOLD VIP MASTER,GBPJPY Buy TP 1 HIT,pending
GBPJPY,BUY,2.0,,[2.0],,2025-10-15T22:52:25.787661,GOLD VIP MASTER,GBPJPY Buy TP 2 HIT,pending
GBPJPY,BUY,3.0,,[3.0],,2025-10-15T22:52:59.206876,GOLD VIP MASTER,GBPJPY Buy TP 3 HIT,pending
XAUUSD,BUY,4205.0,,"[4208.0, 4211.0, 4214.0, 4217.0, 4220.0]",4194.0,2025-10-15T22:55:13.325288,𝐍𝐀𝐒𝐃𝐀𝐐 𝐌𝐀𝐒𝐓𝐄𝐑 𝐅𝐗,"GOLD BUY  4205

TP 4208
TP 4211
TP 4214
TP 4217
TP 4220

SL 4194",pending
XAUUSD,SELL,4.0,,[4.0],,2025-10-15T22:59:15.435947,GOLD VIP MASTER,XAUUSD Sell TP 4 HIT,pending
XAUUSD,BUY,4208.0,,[],,2025-10-15T23:01:21.441834,𝗡𝗔𝗦𝗗𝗔𝗤 𝗠𝗔𝗦𝗧𝗘𝗥,GOLD BUY 4208,pending
XAUUSD,BUY,4208.0,,"[4210.0, 4213.0, 4216.0, 4219.0, 4222.0, 4225.0]",4195.0,2025-10-15T23:02:38.345603,𝗡𝗔𝗦𝗗𝗔𝗤 𝗠𝗔𝗦𝗧𝗘𝗥,"😑GOLD BUY 4208/4204

TP 4210
TP 4213
TP 4216
TP 4219
TP 4222
TP 4225

SL 4195",pending
XAUUSD,BUY,1.0,,[40.0],40.0,2025-10-15T23:06:21.903321,VIP GOLD SIGNALS️,"#XAUUSD BUY 
TP1 HlT 40+ PIP'S PROFIT DONE ✔️💥",pending
XAUUSD,BUY,2.0,,[80.0],80.0,2025-10-15T23:06:37.167752,VIP GOLD SIGNALS️,"#XAUUSD BUY 
TP2 HlT 80+ PIP'S PROFIT DONE ✔️💥",pending
XAUUSD,BUY,3.0,,[100.0],100.0,2025-10-15T23:07:16.714256,VIP GOLD SIGNALS️,"#XAUUSD BUY 
TP3 HlT 100+ PIP'S PROFIT DONE ✔️💥",pending
XAUUSD,BUY,4.0,,[80.0],80.0,2025-10-15T23:08:06.131845,𝙓𝘼𝙐𝙐𝙎𝘿 𝙈𝘼𝙎𝙏𝙀𝙍 𝙕𝙊𝙉𝙀,"📊XAUUSD BUY 

TP4 HlT 80+ PlPS PROFlT DONE✔️✔️✔️",pending
XAUUSD,BUY,5.0,,[100.0],100.0,2025-10-15T23:08:51.006135,𝙓𝘼𝙐𝙐𝙎𝘿 𝙈𝘼𝙎𝙏𝙀𝙍 𝙕𝙊𝙉𝙀,"📊XAUUSD BUY 

TP5 HlT 100+ PlPS PROFlT DONE✔️✔️✔️",pending
XAUUSD,BUY,130.0,,[],,2025-10-15T23:09:05.679374,VIP GOLD SIGNALS️,"#XAUUSD BUY 
RUNNING IN 130+ PIPS AMAZING",pending
XAUUSD,BUY,4215.0,,"[4219.0, 4224.0, 4229.0]",4205.0,2025-10-15T23:09:55.212152,AMAZING ATRADER,"GOLD XAUUSD Buy 4215/4212


TP 4219
TP 4224
TP 4229

SL. 4205",pending
XAUUSD,BUY,6.0,,[120.0],120.0,2025-10-15T23:10:08.505560,𝙓𝘼𝙐𝙐𝙎𝘿 𝙈𝘼𝙎𝙏𝙀𝙍 𝙕𝙊𝙉𝙀,"📊XAUUSD BUY 

TP6 HlT 120+ PlPS PROFlT DONE✔️✔️✔️",pending
XAUUSD,BUY,120.0,,[120.0],,2025-10-15T23:10:32.951946,𝙓𝘼𝙐𝙐𝙎𝘿 𝙈𝘼𝙎𝙏𝙀𝙍 𝙕𝙊𝙉𝙀,"📊XAUUSD BUY 

TP All HlT 120+ PlPS PROFlT DONE✔️✔️✔️",pending
XAUUSD,SELL,4220.0,,[],,2025-10-15T23:11:25.317760,𝐓𝐑𝐀𝐃𝐄 𝐖𝐈𝐓𝐇 𝐒𝐔𝐑𝐄𝐒𝐇,Gold sell now 4220👑,pending
XAUUSD,SELL,,"[4220.0, 4225.0]","[4200.0, 4202.0, 4204.0, 4206.0, 4208.0, 4210.0, 4212.0, 4214.0, 4216.0, 4218.0]",4230.0,2025-10-15T23:13:12.658346,𝐓𝐑𝐀𝐃𝐄 𝐖𝐈𝐓𝐇 𝐒𝐔𝐑𝐄𝐒𝐇,"⭐️GOLD SELL NOW 4220/4225

📉TP 4218
📉TP 4216
📉TP 4214
📉TP 4212
📉TP 4210
📉TP 4208
📉TP 4206
📉TP 4204
📉TP 4202
📉TP 4200🎯
 
❌SL 4230",pending
XAUUSD,BUY,1.0,,[30.0],30.0,2025-10-15T23:15:47.206753,𝗡𝗔𝗦𝗗𝗔𝗤 𝗠𝗔𝗦𝗧𝗘𝗥,"#GOLD BUY💥

TARGET 1 COMPLETE 30+ PIPS DONE 😑😑😑",pending
XAUUSD,BUY,2.0,,[60.0],60.0,2025-10-15T23:15:58.054529,𝗡𝗔𝗦𝗗𝗔𝗤 𝗠𝗔𝗦𝗧𝗘𝗥,"#GOLD BUY💥

TARGET 2 COMPLETE 60+ PIPS DONE 😑😑😑",pending
XAUUSD,BUY,3.0,,[90.0],90.0,2025-10-15T23:16:35.796881,𝗡𝗔𝗦𝗗𝗔𝗤 𝗠𝗔𝗦𝗧𝗘𝗥,"#GOLD BUY💥

TARGET 3 COMPLETE 90+ PIPS DONE 😑😑😑",pending
XAUUSD,BUY,4.0,,[120.0],120.0,2025-10-15T23:16:56.869356,𝗡𝗔𝗦𝗗𝗔𝗤 𝗠𝗔𝗦𝗧𝗘𝗥,"#GOLD BUY💥

TARGET 4 COMPLETE 120+ PIPS DONE 😑😑😑",pending
XAUUSD,BUY,4.0,,[190.0],190.0,2025-10-15T23:17:35.007202,VIP GOLD SIGNALS️,"#XAUUSD BUY 
TP4 HlT 190+ PIP'S PROFIT DONE ✔️💥",pending
XAUUSD,BUY,5.0,,[160.0],160.0,2025-10-15T23:17:56.549061,𝗡𝗔𝗦𝗗𝗔𝗤 𝗠𝗔𝗦𝗧𝗘𝗥,"#GOLD BUY💥

TARGET 5 COMPLETE 160+ PIPS DONE 😑😑😑",pending
XAUUSD,BUY,200.0,,[200.0],,2025-10-15T23:19:55.238341,𝗡𝗔𝗦𝗗𝗔𝗤 𝗠𝗔𝗦𝗧𝗘𝗥,"#GOLD BUY💥

TARGET All COMPLETE 200+ PIPS DONE 😑😑😑",pending
XAUUSD,BUY,,"[4218.0, 4222.0]","[4224.0, 4226.0, 4228.0, 4230.0, 4232.0, 4234.0, 4236.0, 4238.0]",4210.0,2025-10-15T23:20:52.332703,𝐓𝐑𝐀𝐃𝐄 𝐖𝐈𝐓𝐇 𝐒𝐔𝐑𝐄𝐒𝐇,"⭐️GOLD BUY NOW 4222/4218

📈TP 4224
📈TP 4226
📈TP 4228
📈TP 4230
📈TP 4232
📈TP 4234
📈TP 4236
📈TP 4238🎯

❌SL 4210",pending
XAUUSD,BUY,4204.0,,[230.0],230.0,2025-10-15T23:23:22.989540,VIP GOLD SIGNALS️,"#XAUUSD BUY (4204)
All Target DONE 230+ PIP'S PROFIT DONE BOOM BOOM ✅💥👏👏😵‍💫😵‍💫",pending
XAUUSD,BUY,4227.0,,"[4231.0, 4236.0, 4241.0, 4250.0]",4220.0,2025-10-15T23:25:55.166310,𝑮𝑶𝑳𝑫 𝑮𝑩𝑷 𝑺𝑰𝑮𝑵𝑨𝑳𝑺,"BUY XAUUSD GOLD 4227-4224

1TP 4231
2TP 4236
3TP 4241
4TP 4250

Sl 4220 ❌


Follow Pepper money management",pending
XAUUSD,BUY,4224.0,,"[4226.0, 4228.0, 4230.0, 4232.0, 4234.0, 4236.0]",4208.0,2025-10-15T23:27:23.640093,𝐓𝐇𝐄 𝐊𝐈𝐍𝐆 𝐎𝐅 𝐆𝐎𝐋𝐃 𝐕𝐈𝐏🔥,"😑GOLD BUY 4224_4220

TP 4226
TP 4228
TP 4230
TP 4232
TP 4234
TP 4236

SL 4208",pending
XAUUSD,SELL,4226.0,,"[4208.0, 4212.0, 4216.0, 4220.0, 4224.0]",4238.0,2025-10-15T23:27:34.575818,TRADE WITH FARHAN,"XAUUSD SELL 4226/ 4228

TP 4224
TP 4220
TP 4216
TP 4212
TP 4208

SL 4238
Follow proper money management✅",pending
XAUUSD,BUY,4221.0,,"[4224.0, 4227.0, 4230.0, 4233.0, 4236.0]",4214.0,2025-10-15T23:35:15.585561,𝐍𝐀𝐒𝐃𝐀𝐐 𝐌𝐀𝐒𝐓𝐄𝐑 𝐅𝐗,"GOLD BUY  4221

TP 4224
TP 4227
TP 4230
TP 4233
TP 4236

SL 4214",pending
XAUUSD,BUY,4.0,,[],4.0,2025-10-16T00:11:06.298175,𝑮𝑶𝑳𝑫 𝑮𝑩𝑷 𝑺𝑰𝑮𝑵𝑨𝑳𝑺,"#GOLD BUY RUNNING IN 50+PIPS AMAZING

Contact me @Zardari4x✔️✔️🔼🔼",pending
XAUUSD,BUY,4.0,,[],4.0,2025-10-16T00:13:51.732675,𝑮𝑶𝑳𝑫 𝑮𝑩𝑷 𝑺𝑰𝑮𝑵𝑨𝑳𝑺,"#GOLD BUY RUNNING IN 70+PIPS AMAZING

Contact me @Zardari4x✔️✔️🔼🔼",pending
XAUUSD,BUY,1.0,,[80.0],80.0,2025-10-16T00:15:44.219437,𝑮𝑶𝑳𝑫 𝑮𝑩𝑷 𝑺𝑰𝑮𝑵𝑨𝑳𝑺,"💯XAUUSD BOOM       BOOM 🔼🔼
💯TP 1 Hit  80   pips   successful",pending
XAUUSD,BUY,4.0,,[],4.0,2025-10-16T00:19:15.162279,𝑮𝑶𝑳𝑫 𝑮𝑩𝑷 𝑺𝑰𝑮𝑵𝑨𝑳𝑺,"#GOLD BUY RUNNING IN 100+PIPS AMAZING

Contact me @Zardari4x✔️✔️🔼🔼",pending
XAUUSD,BUY,40.0,,[40.0],,2025-10-16T00:29:31.292307,AMAZING ATRADER,"Gold XAUUSD Buy 

Target ¹ Achieved bye 40+ Pips✔️💸",pending
XAUUSD,BUY,90.0,,[90.0],,2025-10-16T00:30:03.981454,AMAZING ATRADER,"Gold XAUUSD Buy 

Target ² Achieved bye 90+ Pips✔️💸",pending
XAUUSD,BUY,140.0,,[140.0],,2025-10-16T00:30:36.437997,AMAZING ATRADER,"Gold XAUUSD Buy 

Target ³ Achieved bye 140+ Pips✔️💸",pending
XAUUSD,BUY,140.0,,[140.0],,2025-10-16T00:31:10.958847,AMAZING ATRADER,"Gold XAUUSD Buy

Target All Achieved bye 140+ Pips✔️💸",pending
XAUUSD,BUY,4235.0,,"[4238.0, 4241.0, 4244.0, 4247.0, 4250.0, 4253.0]",4220.0,2025-10-16T01:03:03.455463,𝗫𝗔𝗨𝗨𝗦𝗗 𝗧𝗥𝗔𝗗𝗜𝗡𝗚 𝗭𝗢𝗡𝗘,"XAUUSD BUY 4235/ 4230
TP 4238
TP 4241
TP 4244
TP 4247
TP 4250
TP 4253
SL 4220",pending
XAUUSD,BUY,4232.0,,"[4235.0, 4240.0, 4245.0, 4250.0]",4224.0,2025-10-16T01:09:39.957847,𝑮𝑶𝑳𝑫 𝑺𝑵𝑰𝑷𝑬𝑹𝑺,"✅#XAUUSD BUY 4232/4229

✅TP 4235
✅TP 4240
✅TP 4245
✅TP 4250


❌SL 4224",pending
ACCOUNT,BUY,14370.0,,[14370.0],,2025-10-16T01:14:22.519276,Gold Expert Fx,"Your account deserves professional hands 🤝  
While others take random trades — we build consistent profit 📈  

$14,370+ running profit 🔥  
Real trading • Real strategy • Real growth 💰  

No fake promises, only results that speak for themselves ✅  
✉️ DM “Manage My Account” – let’s grow your account next!",pending
ACCOUNT,BUY,14370.0,,[14370.0],,2025-10-16T01:17:35.030041,𝗫𝗔𝗨𝗨𝗦𝗗 𝗧𝗥𝗔𝗗𝗜𝗡𝗚 𝗭𝗢𝗡𝗘,"Your account deserves professional hands 🤝  
While others take random trades — we build consistent profit 📈  

$14,370+ running profit 🔥  
Real trading • Real strategy • Real growth 💰  

No fake promises, only results that speak for themselves ✅  
✉️ DM “Manage My Account” – let’s grow your account next!",pending
AVAILAB,BUY,1.0,,"[2.0, 5.0, 10.0]",5.0,2025-10-16T01:47:18.150808,𝗫𝗔𝗨𝗨𝗦𝗗 𝗧𝗥𝗔𝗗𝗜𝗡𝗚 𝗭𝗢𝗡𝗘,"LONG TIME TRADE AVAILABLE

1K,  2K, 5K,  10K 

CONTACT ME
@Forex_Killer05✔️✔️✔️",pending
XAUUSD,SELL,4235.0,,"[100.0, 4225.0, 4230.0, 4244.0]",4244.0,2025-10-16T02:03:07.959590,Xauusd Gold_Vip,"XAUUSD SELL NOW @ 4235.00

       Tp1: 4230.00
       Tp2: 4225.00
       Tp3: 4220.00 100% Sure Signal 
 
   ❌ SL. TP ::: 4244.00",pending
XAUUSD,SELL,1.0,,"[1.0, 50.0]",50.0,2025-10-16T02:16:39.090694,Xauusd Gold_Vip,"(#XAUUSD_SELL🔽🔽

🔽🔽TP1 HIT🔽🔽

50 PIP'S PROFITS DONE 🔥🔥",pending
XAUUSD,BUY,4225.5,,"[4227.5, 4229.0, 4231.0, 4233.0, 4245.0]",4218.0,2025-10-16T02:29:10.402830,Trade with Pat 🆓 (FRN),"Gold buy  4225.5-2422

SL: 4218

TP: 4227.5
TP: 4229
TP: 4231
TP: 4233

TP:open(4245",pending
XAUUSD,SELL,2.0,,"[2.0, 100.0]",100.0,2025-10-16T02:29:46.148623,Xauusd Gold_Vip,"(#XAUUSD_SELL🔽🔽

🔽🔽TP2 HIT🔽🔽

100 PIP'S PROFITS DONE 🔥🔥",pending
XAUUSD,BUY,,"[4218.0, 4222.0]","[4224.0, 4226.0, 4228.0, 4230.0, 4232.0, 4234.0, 4236.0, 4238.0]",4210.0,2025-10-16T02:31:49.195880,𝐓𝐑𝐀𝐃𝐄 𝐖𝐈𝐓𝐇 𝐒𝐔𝐑𝐄𝐒𝐇,"⭐️GOLD BUY NOW 4222/4218

📈TP 4224
📈TP 4226
📈TP 4228
📈TP 4230
📈TP 4232
📈TP 4234
📈TP 4236
📈TP 4238🎯

❌SL 4210",pending
XAUUSD,BUY,4225.0,,[],,2025-10-16T02:38:07.846717,𝗫𝗔𝗨𝗨𝗦𝗗 𝗧𝗥𝗔𝗗𝗜𝗡𝗚 𝗭𝗢𝗡𝗘,Gold buy 4225,pending
XAUUSD,BUY,4224.0,,"[4227.0, 4228.0, 4233.0, 4236.0, 4239.0]",4210.0,2025-10-16T02:39:40.130419,|| 𝗝𝗼𝗮𝗻 𝗨𝗦𝗔 𝗙𝗢𝗥𝗘𝗫 𝗙𝘅 ||,"✅XAUUSD BUY 4224

TP¹   4227
TP²   4228
TP³   4233
TP⁴   4236
TP⁵   4239

 SL   4210",pending
XAUUSD,BUY,4224.0,,"[4227.0, 4228.0, 4233.0, 4236.0, 4239.0]",4210.0,2025-10-16T02:41:19.891612,|| 𝗝𝗼𝗮𝗻 𝗨𝗦𝗔 𝗙𝗢𝗥𝗘𝗫 𝗙𝘅 ||,"✅XAUUSD BUY 4224

TP¹   4227
TP²   4228
TP³   4233
TP⁴   4236
TP⁵   4239

 SL   4210",pending
XAUUSD,BUY,3.0,,[],,2025-10-16T02:58:58.639708,𝑮𝑶𝑳𝑫 𝑺𝑵𝑰𝑷𝑬𝑹𝑺,"XAUUSD Buy 
NZDUSD buy
GBPUSD sell
GPBJAY sell
EURUSD buy
BTCUSD buy
VIP GROUP OPEN for 3 minutes 👇😺👐",pending
XAUUSD,BUY,4.0,,[160.0],160.0,2025-10-16T03:01:42.316513,XAUUSD PRO TRADER™,"XAUUSD BUY💥

TP 4 DONE 160+ PIPS SUCCESSFULLY 💯✌️✌️💪💪 🔥🔥",pending
XAUUSD,SELL,4240.0,,"[4228.0, 4231.0, 4234.0, 4237.0]",4253.0,2025-10-16T03:10:42.762207,TRADE WITH HASAAN,"#XAUUSD #GOLD SELL 4240-4243

TP 4237
TP 4234
TP 4231
TP 4228

SL 4253


Follow Proper Money Management! ✔️",pending
XAUUSD,SELL,200.0,,"[5.0, 200.0]",3.0,2025-10-16T03:25:51.677696,XAUUSD PRO TRADER™,"#GOLD sell now 
BIG SIGNAL 
TARGET 200 PIPS 
SL
TP 👇👇
Also vip room lifetime 0$ 👇

https://t.me/+Tn6Nehfrccg5NWFk

 FAST OPEN FOR 3 MINUTES 👆",pending
BTCUSD,BUY,109000.0,,"[109300.0, 109600.0, 109900.0, 110200.0]",109400.0,2025-10-16T03:50:59.524625,FOREX VIP GOLD SIGNALS,"BTCUSD BUY  109000
TP1 109300
TP2 109600
TP3 109900
TP4 110200
SL    109400",pending
BTCUSD,BUY,1.0,,[1.0],,2025-10-16T03:51:12.811730,FOREX VIP GOLD SIGNALS,BTCUSD BUY TP 1 HIT,pending
XAUUSD,SELL,4.0,,"[2.0, 2.0]",2.0,2025-10-16T04:21:47.436523,VIP GOLD SIGNALS️,"GOLD SELL NOW 
USE BIG LOT 
SL & TP 👇👇
https://t.me/+R_DjEm4nTCMyY2Nk
https://t.me/+R_DjEm4nTCMyY2Nk",pending
XAUUSD,BUY,,"[4238.0, 4242.0]","[4244.0, 4246.0, 4248.0, 4250.0, 4252.0, 4254.0, 4256.0]",4230.0,2025-10-16T04:25:56.243368,𝐓𝐑𝐀𝐃𝐄 𝐖𝐈𝐓𝐇 𝐒𝐔𝐑𝐄𝐒𝐇,"⭐️GOLD BUY NOW 4242/4238

📈TP 4244
📈TP 4246
📈TP 4248
📈TP 4250
📈TP 4252
📈TP 4254
📈TP 4256🎯

❌SL 4230",pending
XAUUSD,BUY,100.0,,[100.0],,2025-10-16T04:26:44.689753,𝙒𝙊𝙍𝙇𝘿 𝙁𝙊𝙍𝙀𝙓 𝙎𝙄𝙉𝙂𝘼𝙇𝙎,"#XAUUSD BUY
TP³ HIT100+PIPS PROFIT DONE BOOM",pending
XAUUSD,BUY,4242.75,,"[4244.25, 4245.75, 4247.75]",4237.75,2025-10-16T04:58:26.858551,Trade with Pat 🆓 (FRN),"BUY GOLD @ 4242.75 
 
 👑 TP1: 4244.25 
 👑 TP2: 4245.75 
 👑 TP3: 4247.75 
 
 🛑 SL : 4237.75 

 Manage your risk at all times!!",pending
XAUUSD,SELL,4243.0,,"[4226.0, 4230.0, 4234.0, 4236.0, 4240.0]",4257.0,2025-10-16T05:21:53.921226,TRADE WITH FARHAN,"XAUUSD SELL 4243/ 4245

TP 4240
TP 4236
TP 4234
TP 4230
TP 4226

SL 4257
Follow proper money management✅",pending
XAUUSD,BUY,2.0,,[130.0],130.0,2025-10-16T05:23:32.404370,𝑮𝑶𝑳𝑫 𝑮𝑩𝑷 𝑺𝑰𝑮𝑵𝑨𝑳𝑺,"💯XAUUSD BOOM       BOOM 🔼🔼
💯TP 2 Hit  130   pips   successful",pending
XAUUSD,BUY,3.0,,[180.0],180.0,2025-10-16T05:24:23.214102,𝑮𝑶𝑳𝑫 𝑮𝑩𝑷 𝑺𝑰𝑮𝑵𝑨𝑳𝑺,"💯XAUUSD BOOM       BOOM 🔼🔼
💯TP 3 Hit  180   pips   successful",pending
XAUUSD,BUY,2.0,,"[2667.0, 2667.0, 2667.0]",2667.0,2025-10-16T05:26:51.875890,𝗫𝗔𝗨𝗨𝗦𝗗 𝗚𝗢𝗟𝗗 𝗠𝗔𝗦𝗧𝗘𝗥,"XAUUSD BUY
NZDUSD sell
GBPUSD sell
GPBJAY sell
EURUSD sell
USDJPY sell
GROUP OPEN for 2 minutes 👇

https://t.me/GOLDBULLTRADE2667
https://t.me/GOLDBULLTRADE2667
https://t.me/GOLDBULLTRADE2667",pending
XAUUSD,BUY,2.0,,"[2667.0, 2667.0, 2667.0]",2667.0,2025-10-16T05:27:35.725503,|| 𝗝𝗼𝗮𝗻 𝗨𝗦𝗔 𝗙𝗢𝗥𝗘𝗫 𝗙𝘅 ||,"XAUUSD BUY
NZDUSD sell
GBPUSD sell
GPBJAY sell
EURUSD sell
USDJPY sell
GROUP OPEN for 2 minutes 👇

https://t.me/GOLDBULLTRADE2667
https://t.me/GOLDBULLTRADE2667
https://t.me/GOLDBULLTRADE2667",pending
BTCUSD,SELL,111.0,,"[0.0, 300.0, 400.0, 700.0]",200.0,2025-10-16T05:34:17.728652,FOREX VIP GOLD SIGNALS,"BTCUSD SELL 111 600.00
TP1  111 300.00
TP2  111 000.00
TP3  110 700.00
TP4. 110 400.00
SL     112 200.00",pending
BTCUSD,SELL,1.0,,[1.0],,2025-10-16T05:35:39.779053,FOREX VIP GOLD SIGNALS,BTCUSD SELL TP 1 HIT,pending
XAUUSD,SELL,4240.0,,"[4228.0, 4231.0, 4234.0, 4237.0]",4253.0,2025-10-16T05:40:25.294587,TRADE WITH HASAAN,"#XAUUSD #GOLD SELL 4240-4243

TP 4237
TP 4234
TP 4231
TP 4228

SL 4253


Follow Proper Money Management! ✔️",pending
XAUUSD,BUY,4234.0,,[],,2025-10-16T05:45:29.648228,𝙓𝘼𝙐𝙐𝙎𝘿 𝙈𝘼𝙎𝙏𝙀𝙍 𝙕𝙊𝙉𝙀,GOLD BUY 4234,pending
XAUUSD,BUY,4232.0,,"[4234.0, 4236.0, 4238.0, 4240.0, 4242.0, 4244.0]",4222.0,2025-10-16T05:48:02.602649,𝙓𝘼𝙐𝙐𝙎𝘿 𝙈𝘼𝙎𝙏𝙀𝙍 𝙕𝙊𝙉𝙀,"GOLD BUY 4232
MORE BUY 4230

TP 4234
TP 4236
TP 4238
TP 4240
TP 4242
TP 4244

SL 4222",pending
XAUUSD,BUY,4232.0,,"[4234.0, 4236.0, 4238.0, 4240.0, 4242.0, 4244.0]",4222.0,2025-10-16T05:48:17.597465,𝙓𝘼𝙐𝙐𝙎𝘿 𝙈𝘼𝙎𝙏𝙀𝙍 𝙕𝙊𝙉𝙀,"GOLD BUY 4232
MORE BUY 4230

TP 4234
TP 4236
TP 4238
TP 4240
TP 4242
TP 4244

SL 4222",pending
XAUUSD,BUY,1.0,,[20.0],20.0,2025-10-16T05:57:22.088747,𝙓𝘼𝙐𝙐𝙎𝘿 𝙈𝘼𝙎𝙏𝙀𝙍 𝙕𝙊𝙉𝙀,"📊XAUUSD BUY 

TP1 HlT 20+ PlPS PROFlT DONE✔️✔️✔️",pending
XAUUSD,BUY,2.0,,[40.0],40.0,2025-10-16T05:57:38.367973,𝙓𝘼𝙐𝙐𝙎𝘿 𝙈𝘼𝙎𝙏𝙀𝙍 𝙕𝙊𝙉𝙀,"📊XAUUSD BUY 

TP2 HlT 40+ PlPS PROFlT DONE✔️✔️✔️",pending
XAUUSD,SELL,4239.0,,"[4224.0, 4228.0, 4232.0, 4236.0]",4250.0,2025-10-16T05:58:42.517386,𝙂𝙤𝙡𝙙 𝙋𝙧𝙤 𝙎𝙞𝙜𝙣𝙖𝙡,"XAUUSD Sell  4239/40

TP.   4236
TP.   4232
TP.   4228
TP.   4224

SL.  4250

Use small Lots is Life Of Capital",pending
XAUUSD,SELL,4245.0,,"[4220.0, 4225.0, 4230.0, 4233.0, 4237.0, 4241.0]",4253.0,2025-10-16T06:07:07.810312,𝑮𝑶𝑳𝑫 𝑺𝑵𝑰𝑷𝑬𝑹𝑺,"✅#XAUUSD SELL 4245/4248

✅TP 4241
✅TP 4237
✅TP 4233
✅TP 4230
✅TP 4225
✅TP 4220



❌SL 4253",pending
XAUUSD,BUY,1.0,,[60.0],60.0,2025-10-16T06:09:36.567866,𝙓𝘼𝙐𝙐𝙎𝘿 𝙈𝘼𝙎𝙏𝙀𝙍 𝙕𝙊𝙉𝙀,"📊XAUUSD BUY 

TP1 HlT 60+ PlPS PROFlT DONE✔️✔️✔️",pending
XAUUSD,BUY,4.0,,[80.0],80.0,2025-10-16T06:10:03.572361,𝙓𝘼𝙐𝙐𝙎𝘿 𝙈𝘼𝙎𝙏𝙀𝙍 𝙕𝙊𝙉𝙀,"📊XAUUSD BUY 

TP4 HlT 80+ PlPS PROFlT DONE✔️✔️✔️",pending
XAUUSD,BUY,5.0,,[100.0],100.0,2025-10-16T06:10:48.547994,𝙓𝘼𝙐𝙐𝙎𝘿 𝙈𝘼𝙎𝙏𝙀𝙍 𝙕𝙊𝙉𝙀,"📊XAUUSD BUY 

TP5 HlT 100+ PlPS PROFlT DONE✔️✔️✔️",pending
XAUUSD,BUY,6.0,,[120.0],120.0,2025-10-16T06:11:24.833271,𝙓𝘼𝙐𝙐𝙎𝘿 𝙈𝘼𝙎𝙏𝙀𝙍 𝙕𝙊𝙉𝙀,"📊XAUUSD BUY 

TP6 HlT 120+ PlPS PROFlT DONE✔️✔️✔️",pending
XAUUSD,BUY,120.0,,[120.0],,2025-10-16T06:12:10.372096,𝙓𝘼𝙐𝙐𝙎𝘿 𝙈𝘼𝙎𝙏𝙀𝙍 𝙕𝙊𝙉𝙀,"📊XAUUSD BUY 

TPAll HlT 120+ PlPS PROFlT DONE✔️✔️✔️",pending
XAUUSD,SELL,4252.0,,"[4224.0, 4228.0, 4232.0, 4236.0, 4240.0, 4244.0, 4248.0]",4270.0,2025-10-16T06:23:59.442526,TRADING WITH AHMED,"XAUUSD SELL 4252
MORE SELL 4256

TP  4248
TP  4244
TP  4240
TP  4236
TP  4232
TP  4228
TP  4224

SL  4270",pending
XAUUSD,BUY,4255.0,,"[100.0, 4235.0, 4239.0, 4243.0, 4247.0, 4251.0, 4264.0]",4264.0,2025-10-16T06:26:39.518903,Xauusd Gold_Vip,"XAUUSD BUY NOW @ 4255.00

       Tp1: 4251.00
       Tp2: 4247.00
       Tp3: 4243.00
       Tp4: 4239.00
       Tp5: 4235.00
       Tp6: 4230.00 100% Sure Signal 
 
   ❌ SL. TP ::: 4264.00",pending
XAUUSD,SELL,4255.0,,"[4240.0, 4245.0, 4251.0]",4265.0,2025-10-16T06:37:49.889390,𝙂𝙊𝙇𝘿 𝙎𝘾𝘼𝙇𝙋𝙄𝙉𝙂 𝙏𝙍𝘼𝘿𝙀𝙍,"🔵XAUUSD_GOLD SELL 4255


🔳TP : 4251.00
🔳TP : 4245.00
🔳TP : 4240.00

❌SL : 4265.000",pending
XAUUSD,BUY,5.0,,[160.0],160.0,2025-10-16T06:48:47.247109,XAUUSD PRO TRADER™,"XAUUSD BUY💥

TP 5 DONE 160+ PIPS SUCCESSFULLY 💯✌️✌️💪💪 🔥🔥",pending
XAUUSD,BUY,6.0,,[200.0],200.0,2025-10-16T06:49:03.736979,XAUUSD PRO TRADER™,"XAUUSD BUY💥

TP 6 DONE 200+ PIPS SUCCESSFULLY 💯✌️✌️💪💪 🔥🔥",pending
XAUUSD,BUY,7.0,,[230.0],230.0,2025-10-16T06:49:36.914219,XAUUSD PRO TRADER™,"XAUUSD BUY💥

TP 7 DONE 230+ PIPS SUCCESSFULLY 💯✌️✌️💪💪 🔥🔥",pending
XAUUSD,BUY,8.0,,[260.0],260.0,2025-10-16T06:50:10.726048,XAUUSD PRO TRADER™,"XAUUSD BUY💥

TP 8 DONE 260+ PIPS SUCCESSFULLY 💯✌️✌️💪💪 🔥🔥",pending
XAUUSD,BUY,300.0,,[300.0],,2025-10-16T06:50:50.386213,XAUUSD PRO TRADER™,"XAUUSD BUY💥

TP All DONE 300+ PIPS SUCCESSFULLY 💯✌️✌️💪💪 🔥🔥",pending
XAUUSD,BUY,4245.0,,"[4250.0, 4255.0]",4235.0,2025-10-16T07:00:30.567825,Gold Expert Fx,"Xauusd Buy 4245

TP 4250
TP 4255

SL 4235",pending
XAUUSD,BUY,8559.0,,[8559.0],,2025-10-16T07:16:37.788787,Gold Expert Fx,"$8,559+ running profit on Gold 💵  
This is what happens when professionals manage your account 📈  

No luck. No guessing.  
Just pure strategy, consistency & risk control 🔥  

Your account could be next.  
✉️ DM “Manage My Account” and start earning safely.",pending
XAUUSD,SELL,4265.0,,"[4250.0, 4253.0, 4256.0, 4259.0, 4262.0]",4280.0,2025-10-16T07:17:18.719906,XAUUSD GOLD MASTER,"XAUUSD SELL 4265_4270

TP¹.  4262
TP².  4259
TP³.  4256
TP⁴.  4253
TP⁵.  4250


SL.   4280

Use Money Management",pending
XAUUSD,SELL,1.0,,[40.0],40.0,2025-10-16T07:19:56.664073,𝙂𝙊𝙇𝘿 𝙎𝘾𝘼𝙇𝙋𝙄𝙉𝙂 𝙏𝙍𝘼𝘿𝙀𝙍,"#XAUUSD SELL 


TP 1 𝐇𝐈𝐓 40+ PIPS  PROFIT DONE✅ ✅🔥🔥",pending
XAUUSD,SELL,2.0,,[100.0],100.0,2025-10-16T07:20:12.248267,𝙂𝙊𝙇𝘿 𝙎𝘾𝘼𝙇𝙋𝙄𝙉𝙂 𝙏𝙍𝘼𝘿𝙀𝙍,"#XAUUSD SELL 


TP 2 𝐇𝐈𝐓 100+ PIPS  PROFIT DONE✅ ✅🔥🔥",pending
XAUUSD,SELL,4268.0,,"[4252.0, 4256.0, 4260.0, 4264.0]",4282.0,2025-10-16T07:40:05.265058,𝙂𝙤𝙡𝙙 𝙋𝙧𝙤 𝙎𝙞𝙜𝙣𝙖𝙡,"XAUUSD Sell  4268/70

TP.   4264
TP.   4260
TP.   4256
TP.   4252

SL.  4282

Use small Lots is Life Of Capital",pending
XAUUSD,BUY,4.0,,[270.0],270.0,2025-10-16T07:43:54.277708,𝑮𝑶𝑳𝑫 𝑮𝑩𝑷 𝑺𝑰𝑮𝑵𝑨𝑳𝑺,"💯XAUUSD BOOM       BOOM 🔼🔼
💯TP 4 Hit  270   pips   successful",pending
XAUUSD,BUY,2.0,,[2.0],1.0,2025-10-16T07:45:08.390621,𝗫𝗔𝗨𝗨𝗦𝗗 𝗧𝗥𝗔𝗗𝗜𝗡𝗚 𝗭𝗢𝗡𝗘,"GOLD BUY NOW 
USE BIG LOT 😍
SL & TP 👇👇

https://t.me/+2-nKFk__DgdlNjlk

1 year free join ☝️✅",pending
XAUUSD,SELL,4.0,,[4.0],4.0,2025-10-16T08:16:03.904237,𝑮𝑶𝑳𝑫 𝑮𝑩𝑷 𝑺𝑰𝑮𝑵𝑨𝑳𝑺,"👉🗽Hello My Best friends A Lot Of Friends Don't know about Exness Broker if you are also Don't know so Start Create your New Trading Account under this link and Be the Part of winners #Deposit your #Exness account or if you don't have #Exnsss Trading account 
So create your account under our Recommended broker and start Trading #Gold Selling Signals we provide this Signal will help you to  millionaires 
More information about @Zardari4x
https://one.exnesstrack.org/a/puaxrsw4ui/?puaxrsw4ui",pending
XAUUSD,SELL,4289.7,,"[100.0, 4280.0, 4285.0, 4299.0]",4299.0,2025-10-16T09:24:58.455834,Xauusd Gold_Vip,"XAUUSD SELL NOW @ 4289.70

       Tp1: 4285.00
       Tp2: 4280.00
       Tp3: 4275.00 100% Sure Signal 
 
   ❌ SL. TP ::: 4299.00",pending
XAUUSD,BUY,4288.0,,"[4292.0, 4296.0, 4300.0, 4304.0, 4308.0, 4312.0, 4316.0]",4260.0,2025-10-16T09:30:55.950713,TRADING WITH AHMED,"XAUUSD BUY 4288
MORE BUY  4244

TP  4292
TP  4296
TP  4300
TP  4304
TP  4308
TP  4312
TP  4316

SL  4260",pending
XAUUSD,BUY,4288.0,,"[4293.0, 4297.0, 4300.0, 4303.0]",4276.0,2025-10-16T09:31:24.528278,VIP GOLD SIGNALS️,"XAUUSD BUY 4288

TP 4293
TP 4297
TP 4300
TP 4303
SL 4276",pending
XAUUSD,BUY,4271.0,,"[4274.0, 4278.0, 4283.0, 4286.0]",4260.0,2025-10-16T09:36:50.567610,VIP GOLD SIGNALS️,"XAUUSD BUY 4271

TP 4274
TP 4278
TP 4283
TP 4286
SL 4260",pending
XAUUSD,SELL,1.0,,"[1.0, 50.0]",50.0,2025-10-16T09:37:38.180498,Xauusd Gold_Vip,"(#XAUUSD_SELL🔽🔽

🔽🔽TP1 HIT🔽🔽

50 PIP'S PROFITS DONE 🔥🔥",pending
XAUUSD,SELL,2.0,,"[2.0, 100.0]",100.0,2025-10-16T09:37:55.394263,Xauusd Gold_Vip,"(#XAUUSD_SELL🔽🔽

🔽🔽TP2 HIT🔽🔽

100 PIP'S PROFITS DONE 🔥🔥",pending
XAUUSD,BUY,4261.0,,"[4264.0, 4269.0, 4273.0, 4276.0]",4252.0,2025-10-16T09:42:56.134683,VIP GOLD SIGNALS️,"XAUUSD BUY 4261

TP 4264
TP 4269
TP 4273
TP 4276
SL 4252",pending
XAUUSD,BUY,1.0,,[30.0],30.0,2025-10-16T09:47:35.911879,VIP GOLD SIGNALS️,"#XAUUSD BUY 
TP1 HlT 30+ PIP'S PROFIT DONE ✔️💥",pending
XAUUSD,BUY,2.0,,[80.0],80.0,2025-10-16T09:49:08.319317,VIP GOLD SIGNALS️,"#XAUUSD BUY 
TP2 HlT 80+ PIP'S PROFIT DONE ✔️💥",pending
XAUUSD,BUY,3.0,,[120.0],120.0,2025-10-16T09:49:54.912825,VIP GOLD SIGNALS️,"#XAUUSD BUY 
TP3 HlT 120+ PIP'S PROFIT DONE ✔️💥",pending
XAUUSD,BUY,4.0,,[190.0],190.0,2025-10-16T09:50:51.577976,VIP GOLD SIGNALS️,"#XAUUSD BUY 
TP4 HlT 190+ PIP'S PROFIT DONE ✔️",pending
XAUUSD,SELL,3.0,,"[3.0, 200.0]",200.0,2025-10-16T09:52:06.809393,Xauusd Gold_Vip,"(#XAUUSD_SELL🔽🔽

🔽🔽TP3 HIT🔽🔽

200 PIP'S PROFITS DONE 🔥🔥",pending
